{"video_path": "federer.mp4", "fps": 29.999996103896613, "duration": 2.566667, "timestamps": [0.0, 0.03333333766233766, 0.06666667532467532, 0.10000001298701297, 0.13333335064935065, 0.1666666883116883, 0.20000002597402594, 0.23333336363636362, 0.2666667012987013, 0.30000003896103894, 0.3333333766233766, 0.36666671428571423, 0.4000000519480519, 0.4333333896103896, 0.46666672727272723, 0.5000000649350649, 0.5333334025974026, 0.5666667402597402, 0.6000000779220779, 0.6333334155844155, 0.6666667532467532, 0.7000000909090909, 0.7333334285714285, 0.7666667662337662, 0.8000001038961038, 0.8333334415584415, 0.8666667792207792, 0.9000001168831168, 0.9333334545454545, 0.9666667922077921, 1.0000001298701298, 1.0333334675324675, 1.0666668051948052, 1.1000001428571426, 1.1333334805194804, 1.166666818181818, 1.2000001558441558, 1.2333334935064935, 1.266666831168831, 1.3000001688311686, 1.3333335064935063, 1.366666844155844, 1.4000001818181818, 1.4333335194805192, 1.466666857142857, 1.5000001948051946, 1.5333335324675323, 1.56666687012987, 1.6000002077922075, 1.6333335454545452, 1.666666883116883, 1.7000002207792206, 1.7333335584415583, 1.7666668961038958, 1.8000002337662335, 1.8333335714285712, 1.866666909090909, 1.9000002467532466, 1.9333335844155841, 1.9666669220779218, 2.0000002597402595, 2.033333597402597, 2.066666935064935, 2.1000002727272724, 2.1333336103896103, 2.166666948051948, 2.2000002857142853, 2.2333336233766232, 2.2666669610389607, 2.3000002987012986, 2.333333636363636, 2.3666669740259736, 2.4000003116883115, 2.433333649350649, 2.466666987012987, 2.5000003246753244, 2.533333662337662], "x_factor": [-6.746053682056934, -5.87456686304806, -5.2865871957139445, -4.949789567783991, -4.831848866987606, -4.900439981054214, -5.017422282196503, -5.271659337460718, -5.595938771132588, -6.294263627779008, -7.227359535407534, -8.524891216063368, -10.363779358837164, -13.013200208665207, -16.559472878152388, -20.281410641638324, -23.866544597487916, -26.091138111754876, -26.393603549503933, -25.13970300492372, -22.28011617035918, -18.975840340176173, -16.282801861701003, -15.466333995818118, -17.12898507005582, -20.825530825947702, -25.696134081804182, -29.60236659202401, -31.927469995711515, -32.46360161522325, -31.172046605221347, -29.002467159301798, -26.57798752130859, -24.546417832109363, -23.295271305920853, -22.702381336274772, -22.442401782861253, -21.8851341317437, -21.16858782786913, -20.232064515466963, -19.05191079447408, -17.713397287032404, -16.051998086068874, -14.058135015254889, -11.561632737948228, -8.421979820184205, -5.143965707422342, -1.8632552183355713, 1.1206798507802604, 3.7157069127189946, 5.982384704482066, 7.8720895753922315, 9.393838195566339, 10.511131972267973, 11.684333953365357, 12.833679558691484, 13.171157034275549, 12.7945331842235, 11.60900152215816, 9.870883739607581, 7.859554201220646, 5.871520421850837, 4.16887370302789, 2.891503525339331, 2.2473730632603557, 2.020224340432808, 1.8354047763256656, 1.7689438059987828, 1.76219679917818, 1.9049329119576879, 2.2372855351857295, 2.8280418868025263, 3.6124430909078367, 4.450625757392803, 5.268663358270409, 5.992629365553661, 6.548597251255561], "wrist_speed": [0.19464417382151045, 0.46396432404040955, 0.663243761794788, 0.8141896998633787, 0.938509351024915, 1.0579099280581346, 1.195383882356979, 1.3995015291822848, 1.679370363743115, 2.0261043034285313, 2.3512847815388604, 2.571751171428837, 2.782680142442359, 2.949074322954964, 2.9682305252212693, 2.8185531832610975, 2.5992450484259053, 2.3341462201764434, 2.0763151973147402, 1.7652279148740035, 1.440754267407261, 1.259412158178907, 1.4128149740204825, 1.9227953570808862, 2.705572339099188, 3.682363692805134, 4.723123920651048, 5.704565525936263, 6.291025047569383, 6.245566173900016, 5.737036902699289, 5.032761926494987, 4.272271229725481, 3.6303252331542097, 3.126842560316248, 2.7774487382967856, 2.657416356302894, 2.7109948885410153, 2.6907558498050723, 2.574215672641994, 2.4539132934888777, 2.41911448272622, 2.330806266579273, 2.2905891226217716, 2.1919484928716617, 1.854764276915189, 1.5851842589679803, 1.5591693495586665, 1.7578835293248913, 2.1025642322282496, 2.7875088831206796, 3.9832637787549525, 5.504670895564282, 7.165632787898785, 8.468430162037267, 8.950151629764576, 8.908367302170715, 8.515192028519074, 7.510014936564351, 5.671000279443102, 3.8838157779970333, 2.822942867232944, 2.5885550852642547, 3.1843937811155416, 4.461315923759417, 5.867324235164391, 7.208597038945642, 8.312052405607545, 8.51920116135013, 7.561627411019576, 6.040376742972629, 4.382546781750522, 3.0573524999912554, 2.6485702210236868, 3.633375672825064, 6.488944583372666, 11.692452680643775], "knee_angle": [94.62323785584499, 100.3588888983228, 103.40752432662137, 104.30761951967588, 103.59764985642151, 101.81609071579389, 99.49678282690897, 99.19566293897584, 96.71935136721515, 94.90330200822032, 93.48911081897316, 90.14331774688283, 89.29311635081166, 90.80911085827906, 95.26292258633761, 97.4718160581036, 101.58157738506564, 103.65121246799737, 103.64652465693638, 104.20548419672298, 102.9306248858736, 101.88826804718451, 102.14206805777852, 101.78487337840099, 102.91186926609927, 101.63911698696168, 99.16527898044161, 93.21024646181152, 88.57131812655149, 85.06169376990026, 83.55894872953021, 83.29959242804969, 81.33455988569072, 77.94990906159715, 75.35004582717573, 72.78321079722814, 69.73579196446384, 65.7264889507949, 63.34776597179357, 62.6355592931115, 64.97058986174416, 66.46976090622591, 69.12848608481474, 73.59305662238127, 79.5226895147118, 85.59126993550431, 90.44986186293424, 92.84180831965948, 93.36365317715507, 93.40975260417406, 94.38828013143811, 94.46468977163272, 97.97198548938873, 101.6242829831265, 104.14178414937068, 108.31631910072709, 111.98128863275153, 115.00351355607015, 117.7588730891249, 121.7169668341721, 124.97978412399087, 126.76843585310468, 128.96794979473825, 127.89650821538915, 125.99836177229182, 126.66441680427195, 127.09398277631888, 128.76097174164548, 130.43242694323249, 131.20572164704177, 131.27254034830992, 130.37057554300537, 128.32405770353535, 125.63804200629492, 122.45474835825678, 118.91639666639416, 115.16520683768029], "elbow_angle": [122.92083546526237, 120.27407245581865, 118.11212528898342, 116.4334750347836, 115.23660276324607, 114.51998954439827, 114.71263648614175, 114.75002265022027, 115.68398495095491, 114.14931673558509, 114.61267374490801, 115.37817848935485, 116.39820105664243, 118.08727035067525, 118.81296136273144, 119.07289144449507, 120.48043598319323, 121.84623875249144, 124.75119244824864, 128.99094407386988, 137.20132895850026, 144.9557025858077, 153.11809287787153, 161.57789973120845, 168.49950544940134, 169.19353449340008, 163.86065336957773, 150.20147878073178, 132.8603323518217, 114.13658834173485, 94.06113821494176, 79.60496212571394, 71.1046372854021, 68.9987996958577, 71.6821233284398, 73.6309106497694, 74.06905786095014, 71.24317249110898, 68.57835760398835, 66.54080921195317, 66.02259228967822, 69.75211734386123, 73.79272951787972, 80.69836842132801, 88.86558938092904, 96.47143010315403, 101.92020998133215, 103.08311053395019, 102.39035545603805, 102.5552390534733, 106.2386027179987, 114.15444335250304, 124.50678464652408, 142.0993870865339, 156.23424941474713, 164.99454070700574, 168.31047016273973, 164.39616975462252, 157.89555999020976, 150.04709739115603, 142.14505848087597, 137.26892049697167, 136.06614951250646, 148.22259584436, 147.87911482416305, 142.98874847909218, 132.0437349998685, 117.14185454591764, 99.90251947462453, 86.85064615572853, 63.4869863480692, 55.24737004207062, 59.71735985415242, 71.75330743543611, 90.74873136110531, 116.09715020634414, 147.19208254633668],