{"video_path": "dj.mp4", "fps": 60.000007894737884, "duration": 2.533333, "timestamps": [0.0, 0.01666666447368421, 0.03333332894736842, 0.04999999342105263, 0.06666665789473684, 0.08333332236842105, 0.09999998684210526, 0.11666665131578947, 0.1333333157894737, 0.1499999802631579, 0.1666666447368421, 0.18333330921052632, 0.19999997368421052, 0.21666663815789472, 0.23333330263157895, 0.24999996710526315, 0.2666666315789474, 0.2833332960526316, 0.2999999605263158, 0.316666625, 0.3333332894736842, 0.3499999539473684, 0.36666661842105264, 0.38333328289473684, 0.39999994736842104, 0.41666661184210524, 0.43333327631578944, 0.44999994078947364, 0.4666666052631579, 0.4833332697368421, 0.4999999342105263, 0.5166665986842105, 0.5333332631578948, 0.5499999276315789, 0.5666665921052632, 0.5833332565789473, 0.5999999210526316, 0.6166665855263158, 0.63333325, 0.6499999144736842, 0.6666665789473684, 0.6833332434210526, 0.6999999078947368, 0.716666572368421, 0.7333332368421053, 0.7499999013157894, 0.7666665657894737, 0.7833332302631578, 0.7999998947368421, 0.8166665592105262, 0.8333332236842105, 0.8499998881578947, 0.8666665526315789, 0.8833332171052631, 0.8999998815789473, 0.9166665460526315, 0.9333332105263158, 0.9499998749999999, 0.9666665394736842, 0.9833332039473683, 0.9999998684210526, 1.0166665328947369, 1.033333197368421, 1.0499998618421051, 1.0666665263157895, 1.0833331907894737, 1.0999998552631578, 1.116666519736842, 1.1333331842105263, 1.1499998486842105, 1.1666665131578946, 1.183333177631579, 1.1999998421052631, 1.2166665065789473, 1.2333331710526316, 1.2499998355263158, 1.2666665, 1.283333164473684, 1.2999998289473684, 1.3166664934210526, 1.3333331578947367, 1.349999822368421, 1.3666664868421052, 1.3833331513157894, 1.3999998157894735, 1.416666480263158, 1.433333144736842, 1.4499998092105262, 1.4666664736842105, 1.4833331381578947, 1.4999998026315788, 1.516666467105263, 1.5333331315789474, 1.5499997960526315, 1.5666664605263156, 1.583333125, 1.5999997894736842, 1.6166664539473683, 1.6333331184210524, 1.6499997828947368, 1.666666447368421, 1.683333111842105, 1.6999997763157895, 1.7166664407894736, 1.7333331052631578, 1.7499997697368421, 1.7666664342105263, 1.7833330986842104, 1.7999997631578946, 1.816666427631579, 1.833333092105263, 1.8499997565789472, 1.8666664210526316, 1.8833330855263157, 1.8999997499999999, 1.916666414473684, 1.9333330789473684, 1.9499997434210525, 1.9666664078947367, 1.983333072368421, 1.9999997368421052, 2.0166664013157893, 2.0333330657894737, 2.0499997302631576, 2.066666394736842, 2.0833330592105264, 2.0999997236842103, 2.1166663881578947, 2.133333052631579, 2.149999717105263, 2.1666663815789473, 2.1833330460526317, 2.1999997105263156, 2.216666375, 2.233333039473684, 2.2499997039473683, 2.2666663684210526, 2.2833330328947365, 2.299999697368421, 2.3166663618421053, 2.333333026315789, 2.3499996907894736, 2.366666355263158, 2.383333019736842, 2.3999996842105262, 2.4166663486842106, 2.4333330131578945, 2.449999677631579, 2.4666663421052633, 2.483333006578947, 2.4999996710526315, 2.5166663355263155], "x_factor": [-2.148833195835763, -3.055638715860401, -3.5281910478549507, -3.698691626993615, -3.699341888450595, -3.6623432674000926, -3.7198971990163106, -4.004205118473465, -5.109746618542783, -6.657425048587951, -8.702246189788815, -10.833626796308552, -13.548531022813911, -16.901239240270904, -20.836262272781084, -25.072845507072888, -29.39155804535083, -33.44501060714473, -37.14610141614137, -40.191592435679716, -42.25078358719472, -42.823804162435366, -42.40939510186559, -41.19539835370812, -39.48007207943907, -37.442198994530216, -36.3187845936718, -36.44800714767506, -38.24482312993277, -41.55285211847654, -46.06192605876523, -51.280713818067575, -56.78566768110147, -62.04906835452297, -66.38204497737533, -69.3299190132481, -71.49742520513766, -72.63610949479096, -72.65996117006537, -71.79232262927073, -70.69398045482097, -69.58692046179448, -68.29894064795235, -67.4767158795271, -67.46633639831224, -68.34418127769104, -69.69575848885898, -70.52641141915304, -69.94519559426502, -67.6294915698231, -63.711104048516916, -58.10582769649351, -51.4682324580208, -45.450958857010896, -40.744897440281385, -37.4398698547992, -35.20688189641042, -34.280995475421825, -34.21711428366401, -34.284113366910134, -33.6393297048032, -31.434598236221177, -28.10153403518108, -24.002341712205904, -19.478795878568082, -15.070944109904396, -11.899342013515477, -10.957774225137857, -11.763437270270789, -13.592000085957244, -15.52708415258481, -16.837775934600657, -17.49365367520123, -17.32622895285795, -16.28304702984807, -14.419136294018173, -12.192927370272672, -9.637515748904566, -6.895990442182213, -4.18888754433755, -1.7130519675089289, 0.3893517100978209, 2.0695777493840617, 3.439044298400954, 4.453861218073701, 5.225747260984795, 5.6957079415546445, 6.079409736023092, 6.551690439949564, 7.200333198484165, 8.021725383263231, 8.848781957443395, 9.699748392426608, 10.5515345498467, 11.257677513438365, 11.759201314997785, 11.861396308254648, 11.556823483466506, 10.772785082292769, 9.651315062742361, 8.048504196308826, 5.96012189662206, 3.595056036520966, 1.4361790727733446, -0.23703925705289638, -1.2331171187093932, -1.4645737295426802, -1.0184367734440987, -0.09336223972061838, 1.1659869940853351, 2.2038765039404926, 2.813664175271288, 2.8451350716760517, 2.548150206532134, 1.731741726428557, 0.5136251439305979, -0.7951024856744865, -1.8535505776044725, -2.5356903420402754, -2.765374232530443, -2.675689732305364, -2.3172972032887493, -1.799222827199336, -1.2734244580214575, -1.0564470168185585, -1.1132428266100918, -1.293398163189823, -1.3745411123132893, -1.4605018498270608, -1.555566600810937, -1.662696208437457, -1.7280928083936768, -1.6096041846852636, -1.2107172995383766, -0.5383255584613543, 0.42352383423399353, 1.628708615470643, 3.0010526942815234, 4.430951388753834, 5.784824880608681, 6.96777781688613, 7.890366862103822, 8.488646063873414, 8.737104981089143, 8.645801653021183, 8.277651222862552, 7.804340423207671, 7.295648259518947, 6.82135373725882, 6.451235861889738, 6.255073638874148, 6.302646073674482],